NAME,MEAN_EZTRACE,MIN_EZTRACE,MAX_EZTRACE
bt,54.22666666666666666666,49.22,58.52
cg,24.07571428571428571428,22.61,26.46
ft,20.34857142857142857142,19.03,20.92
lu,61.32714285714285714285,57.54,65.08
mg,8.61619047619047619047,8.19,8.93
sp,78.45714285714285714285,68.97,87.45
