NAME,MEAN_OVH
bt,65.45000000000000000000
cg,66.05000000000000000000
ft,1.28000000000000000000
lu,59.68000000000000000000
mg,65.54000000000000000000
sp,303.69000000000000000000
