NAME,MEAN_EZTRACE,MIN_EZTRACE,MAX_EZTRACE
bt,58.80451612903225806451,51.22,63.70
cg,27.78967741935483870967,23.71,30.74
ft,23.00483870967741935483,22.54,23.53
lu,67.36129032258064516129,58.83,72.77
mg,11.19935483870967741935,10.50,11.63
sp,87.11129032258064516129,73.68,97.05
lulesh,369.28571428571428571428,300,410
