NAME,MEAN_OVH
bt,2.72700000000000000000
cg,5.19900000000000000000
ft,.29866666666666666666
lu,26.28666666666666666666
mg,.96133333333333333333
sp,5.11466666666666666666
lulesh,59.23076923076923076923
