NAME,MEAN_OVH
bt,1.10750000000000000000
cg,4.21300000000000000000
ft,.20100000000000000000
lu,23.83450000000000000000
mg,.72200000000000000000
sp,3.95000000000000000000
