NAME,MEAN_EZTRACE
bt,61.51714285714285714285
cg,26.77571428571428571428
ep,1.89285714285714285714
ft,24.00000000000000000000
is,1.25000000000000000000
lu,62.56000000000000000000
mg,9.83000000000000000000
sp,85.40714285714285714285
