NAME,MEAN_VANILLA,MIN_VANILLA,MAX_VANILLA
bt,53.63300000000000000000,49.97,57.03
cg,19.88450000000000000000,17.52,23.64
ft,20.38100000000000000000,19.27,21.61
lu,37.62350000000000000000,34.88,58.71
mg,7.89600000000000000000,7.46,8.58
sp,74.67700000000000000000,69.04,80.61
