NAME,MEAN_VANILLA
bt,60.26857142857142857142
cg,22.93428571428571428571
ep,1.89142857142857142857
ft,23.95142857142857142857
is,1.21285714285714285714
lu,44.24857142857142857142
mg,9.10857142857142857142
sp,83.11000000000000000000
