NAME,MEAN_VANILLA,MIN_VANILLA,MAX_VANILLA
bt,56.75000000000000000000,56.75,122.20
cg,24.45000000000000000000,24.45,90.50
ft,30.35000000000000000000,30.35,31.63
lu,42.84000000000000000000,42.84,102.52
mg,10.82000000000000000000,10.82,76.36
sp,84.80000000000000000000,84.80,388.49
